epoch,time,train/box_loss,train/cls_loss,train/dfl_loss,metrics/precision(B),metrics/recall(B),metrics/mAP50(B),metrics/mAP50-95(B),val/box_loss,val/cls_loss,val/dfl_loss,lr/pg0,lr/pg1,lr/pg2
1,19.673,1.15605,2.29547,1.42504,0.56375,0.85,0.84721,0.62918,1.6552,1.06255,1.36736,0,0,0
2,23.1688,1.19751,3.13839,1.70014,0.56375,0.85,0.84762,0.63043,1.6552,1.06255,1.36736,3.83577e-05,3.83577e-05,3.83577e-05
3,25.5762,1.30197,3.4883,1.66366,0.56375,0.85,0.84762,0.63043,1.6552,1.06255,1.36736,7.40973e-05,7.40973e-05,7.40973e-05
4,27.6919,1.43881,2.22015,1.80861,0.56375,0.85,0.84762,0.63043,1.6552,1.06255,1.36736,0.000107219,0.000107219,0.000107219
5,28.958,0.95419,3.38938,1.45518,0.56375,0.85,0.84762,0.63043,1.6552,1.06255,1.36736,0.000103292,0.000103292,0.000103292
6,30.1858,1.16719,3.61723,1.59981,0.56375,0.85,0.84762,0.63043,1.6552,1.06255,1.36736,9.9365e-05,9.9365e-05,9.9365e-05
7,33.0251,1.10846,3.14205,1.49206,0.56375,0.85,0.84762,0.63043,1.6552,1.06255,1.36736,9.5438e-05,9.5438e-05,9.5438e-05
8,34.2224,1.65801,4.77352,2.01855,0.56375,0.85,0.84762,0.63043,1.6552,1.06255,1.36736,9.1511e-05,9.1511e-05,9.1511e-05
9,35.3712,1.24073,4.43764,1.68007,0.56375,0.85,0.84762,0.63043,1.6552,1.06255,1.36736,8.7584e-05,8.7584e-05,8.7584e-05
10,36.6998,0.9396,3.06323,1.26857,0.56375,0.85,0.84762,0.63043,1.6552,1.06255,1.36736,8.3657e-05,8.3657e-05,8.3657e-05
11,37.9602,0.93844,3.25697,1.31949,0.56375,0.85,0.84762,0.63043,1.6552,1.06255,1.36736,7.973e-05,7.973e-05,7.973e-05
12,39.2941,1.2904,2.55006,1.44993,0.56656,0.86667,0.88895,0.64136,1.71337,1.09708,1.36553,7.5803e-05,7.5803e-05,7.5803e-05
13,40.5179,1.11217,2.33615,1.35065,0.56656,0.86667,0.88895,0.64136,1.71337,1.09708,1.36553,7.1876e-05,7.1876e-05,7.1876e-05
14,41.6619,1.74841,4.4605,1.88218,0.56656,0.86667,0.88895,0.64136,1.71337,1.09708,1.36553,6.7949e-05,6.7949e-05,6.7949e-05
15,48.5488,1.33631,2.61405,1.60582,0.56656,0.86667,0.88895,0.64136,1.71337,1.09708,1.36553,6.4022e-05,6.4022e-05,6.4022e-05
16,49.6379,1.08627,2.56557,1.2423,0.56656,0.86667,0.88895,0.64136,1.71337,1.09708,1.36553,6.0095e-05,6.0095e-05,6.0095e-05
17,53.7594,1.13628,2.51736,1.4215,0.56656,0.86667,0.88895,0.64136,1.71337,1.09708,1.36553,5.6168e-05,5.6168e-05,5.6168e-05
18,55.1571,1.34002,3.06964,1.5573,0.56656,0.86667,0.88895,0.64136,1.71337,1.09708,1.36553,5.2241e-05,5.2241e-05,5.2241e-05
19,56.159,1.06739,2.74648,1.39843,0.56656,0.86667,0.88895,0.64136,1.71337,1.09708,1.36553,4.8314e-05,4.8314e-05,4.8314e-05
20,57.2801,1.29544,2.73678,1.53487,0.56656,0.86667,0.88895,0.64136,1.71337,1.09708,1.36553,4.4387e-05,4.4387e-05,4.4387e-05
21,68.4755,1.03113,2.19133,1.09392,0.56656,0.86667,0.88895,0.64136,1.71337,1.09708,1.36553,4.046e-05,4.046e-05,4.046e-05
22,69.9512,1.22312,2.42881,1.24127,0.56656,0.86667,0.88895,0.64136,1.71337,1.09708,1.36553,3.6533e-05,3.6533e-05,3.6533e-05
23,71.1203,1.12794,2.5778,1.48932,0.67166,0.7,0.85432,0.6266,1.77046,1.20811,1.41224,3.2606e-05,3.2606e-05,3.2606e-05
24,71.9153,1.00287,2.18117,1.36694,0.67166,0.7,0.85432,0.6266,1.77046,1.20811,1.41224,2.8679e-05,2.8679e-05,2.8679e-05
25,72.7232,1.14716,1.94825,1.51792,0.67166,0.7,0.85432,0.6266,1.77046,1.20811,1.41224,2.4752e-05,2.4752e-05,2.4752e-05
26,73.3382,1.01955,2.03085,1.48557,0.67166,0.7,0.85432,0.6266,1.77046,1.20811,1.41224,2.0825e-05,2.0825e-05,2.0825e-05
27,73.9119,1.07695,1.8154,1.25946,0.67166,0.7,0.85432,0.6266,1.77046,1.20811,1.41224,1.6898e-05,1.6898e-05,1.6898e-05
28,74.4793,0.99588,1.77377,1.32888,0.67166,0.7,0.85432,0.6266,1.77046,1.20811,1.41224,1.2971e-05,1.2971e-05,1.2971e-05
29,75.0001,1.22275,1.9717,1.39175,0.67166,0.7,0.85432,0.6266,1.77046,1.20811,1.41224,9.044e-06,9.044e-06,9.044e-06
30,75.5608,0.91227,2.03879,1.31574,0.67166,0.7,0.85432,0.6266,1.77046,1.20811,1.41224,5.117e-06,5.117e-06,5.117e-06
